Scenario,Class Weights,Decision Threshold,SMOTE
Baseline,0.3216138069178356,0.08459897163896112,0.6779832326820399
Class Weights,-,0.0005076783520729836,0.3234820604026224
Decision Threshold,-,-,0.5794348434555708
SMOTE,-,-,-
