Scenario,Class Weights,Decision Threshold,SMOTE
Baseline,-1.008376562979107,1.7857681012423559,0.4194431912015062
Class Weights,-,3.912077282626278,1.0044240285831125
Decision Threshold,-,-,-0.5605126503691052
SMOTE,-,-,-
