Scenario,Class Weights,Decision Threshold,SMOTE
Baseline,6.39416847791344e-07,2.1044236982416715e-06,7.093184456497658e-07
Class Weights,-,2.581210542087206e-05,0.000132618410630512
Decision Threshold,-,-,0.4011510639989211
SMOTE,-,-,-
