Scenario,Class Weights,Decision Threshold,SMOTE
Baseline,5.997443438937288e-07,2.0277715480409566e-06,6.861650694654822e-07
Class Weights,-,2.581210542087206e-05,0.00013259502250644975
Decision Threshold,-,-,0.40117986143077866
SMOTE,-,-,-
