Scenario,Class Weights,Decision Threshold,SMOTE
Baseline,-6.3578086197997115,-5.9120896940591345,-6.308266210320511
Class Weights,-,-4.993732651967664,-4.403308735591521
Decision Threshold,-,-,0.8520287437393769
SMOTE,-,-,-
