Scenario,Class Weights,Decision Threshold,SMOTE
Baseline,0.7158672415923173,0.049294987345325815,0.005287374706883067
Class Weights,-,0.15189617054714982,0.00024148045534903346
Decision Threshold,-,-,0.020536990838934763
SMOTE,-,-,-
