Scenario,Class Weights,Decision Threshold,SMOTE
Baseline,0.3675641717551071,2.051997865787099,3.0157260214665675
Class Weights,-,1.471608495263686,4.185132017528093
Decision Threshold,-,-,2.450460955156332
SMOTE,-,-,-
