Scenario,Class Weights,Decision Threshold,SMOTE
Baseline,7.458063754392065e-05,0.0002196694925342683,0.0016052004519020125
Class Weights,-,0.0020550966841851263,0.1225804813557069
Decision Threshold,-,-,0.03043052172259757
SMOTE,-,-,-
