Scenario,Class Weights,Decision Threshold,SMOTE
Baseline,7.781875405802286e-05,0.00022597157551735846,0.0016440432369427497
Class Weights,-,0.0020550966841851263,0.12264334959940054
Decision Threshold,-,-,0.030409816990095758
SMOTE,-,-,-
