Scenario,Class Weights,Decision Threshold,SMOTE
Baseline,-4.611513318910608,-4.219691026336984,-3.480345741700233
Class Weights,-,-3.3858023337293055,-1.590435491115377
Decision Threshold,-,-,2.275732812758667
SMOTE,-,-,-
