Scenario,Class Weights,Decision Threshold,SMOTE
Baseline,2.3338546086745236e-05,6.984851994964997e-07,3.2613469098731827e-07
Class Weights,-,1.0617464883130265e-06,2.1372169301052273e-07
Decision Threshold,-,-,0.007066060303699611
SMOTE,-,-,-
