Scenario,Class Weights,Decision Threshold,SMOTE
Baseline,2.24666690905938e-05,7.027954973249133e-07,3.249039340436594e-07
Class Weights,-,1.0617464883130265e-06,2.1387890561078146e-07
Decision Threshold,-,-,0.007070089904294703
SMOTE,-,-,-
