Scenario,Class Weights,Decision Threshold,SMOTE
Baseline,5.029971877303955,6.301722666100978,6.583042535142098
Class Weights,-,6.148122138426071,6.740372977336074
Decision Threshold,-,-,2.89886536352304
SMOTE,-,-,-
