Scenario,Class Weights,Decision Threshold,SMOTE
Baseline,5.043668042522252,6.29946089000452,6.584445978790107
Class Weights,-,6.148122138426071,6.740098435324466
Decision Threshold,-,-,2.898633811800188
SMOTE,-,-,-
