metric,P-Value
F1-score,1.8028019904458925e-07
F2-score,5.143571208827368e-14
Recall,3.730421026063069e-15
Precision,1.2361299729665353e-15
PR-AUC,0.00010554504249750312
AUC,0.2617375589401433
Accuracy,1.0595727290792761e-07
