metric,P-Value
F1-score,1.9255919174157968e-07
F2-score,5.6398300192427555e-14
Recall,4.042564801739422e-15
Precision,1.2509311692631434e-15
PR-AUC,0.00010554504249750312
AUC,0.2617375589401433
Accuracy,1.0632481528575998e-07
