Scenario,Class Weights,Decision Threshold,SMOTE
Baseline,0.00015979969319572396,0.0005220050854239554,7.76100641811855e-06
Class Weights,-,0.001485118930262932,0.0003363015013922999
Decision Threshold,-,-,0.4416663240734534
SMOTE,-,-,-
