Scenario,Class Weights,Decision Threshold,SMOTE
Baseline,0.00015987039401945216,0.0005217752903025636,7.775825441906986e-06
Class Weights,-,0.001485118930262932,0.0003364385204629447
Decision Threshold,-,-,0.4416373314142056
SMOTE,-,-,-
