Scenario,Class Weights,Decision Threshold,SMOTE
Baseline,4.3355520292877605,3.901779580063112,5.426310273815975
Class Weights,-,3.509939671993904,4.06383829152092
Decision Threshold,-,-,-0.7800769096835685
SMOTE,-,-,-
