Scenario,Class Weights,Decision Threshold,SMOTE
Baseline,4.335391270856483,3.9019425550053275,5.425622525287245
Class Weights,-,3.509939671993904,4.063688731978868
Decision Threshold,-,-,-0.7801269569402414
SMOTE,-,-,-
