Scenario,Class Weights,Decision Threshold,SMOTE
Baseline,1.4057669623506616e-07,8.565927894686979e-07,6.074638897470707e-08
Class Weights,-,1.424451100591093e-05,1.515361829913947e-05
Decision Threshold,-,-,0.5267192990641527
SMOTE,-,-,-
