Scenario,Class Weights,Decision Threshold,SMOTE
Baseline,1.5004133827576054e-07,8.848940605787257e-07,6.263881978988325e-08
Class Weights,-,1.424451100591093e-05,1.515361829913947e-05
Decision Threshold,-,-,0.5267192990641527
SMOTE,-,-,-
