Scenario,Class Weights,Decision Threshold,SMOTE
Baseline,-6.897262614708903,-6.226788506487051,-7.21456215557144
Class Weights,-,-5.207601772108023,-5.185338775097427
Decision Threshold,-,-,0.6407455378157613
SMOTE,-,-,-
