metric,P-Value
accuracy,6.31639694027225e-05
auc_score,0.13911994238221137
f1_score,6.860035098519817e-05
precision,5.683922981854237e-09
recall,3.149106411882373e-11
