,Statistic,P-Value
accuracy,5.984707162833981,1.4551816133464123e-06
f1_score,-2.644405119101858,0.012892573950504497
precision,5.616030448867853,4.095169625937339e-06
recall,-6.775045931668529,1.6352187008163405e-07
auc_score,1.4278319657561165,0.16366814546783248
